periodo,share
2003-01,4.168e-05
2003-02,0.00107272
2003-03,0.00358473
2003-04,0.00138137
2003-05,0.00228662
2003-06,6.075e-05
2003-07,7.711e-05
2003-08,0.00142258
2003-09,0.0010105
2003-10,0.00150221
2003-11,0.00128644
2003-12,0.01666323
2004-01,0.00031772
2004-02,0.00030711
2004-03,0.00050312
2004-04,0.00022148
2004-05,0.00051963
2004-06,0.00043456
2004-07,0.00081246
2004-08,0.00113306
2004-09,0.00087449
2004-10,0.00116888
2004-11,0.00221627
2004-12,0.00148442
2005-01,0.00080745
2005-02,0.00137482
2005-03,0.00193791
2005-04,0.00158802
2005-05,0.00151891
2005-06,0.0003566
2005-07,0.00146243
2005-08,0.00166046
2005-09,0.00112222
2005-10,0.00080131
2005-11,0.00189008
2005-12,0.00410014
2006-01,2.473e-05
2006-02,3.431e-05
2006-03,0.0001662
2006-04,0.00015674
2006-05,0.00078358
2006-06,0.00050514
2006-07,0.0016215
2006-08,0.00193396
2006-09,0.00075352
2006-10,0.00117083
2006-11,0.00097223
2006-12,0.00086647
2007-01,0.00011886
2007-02,0.00143952
2007-03,0.00111732
2007-04,0.00124612
2007-05,0.00119297
2007-06,0.00148742
2007-07,0.00062601
2007-08,0.00051535
2007-09,6.723e-05
2007-10,0.00015912
2007-11,0.00300151
2007-12,0.00188733
2008-01,0.00115041
2008-02,0.00069477
2008-03,0.0003505
2008-04,0.0003479
2008-05,0.00146531
2008-06,0.00101546
2008-07,0.00104973
2008-08,0.00129482
2008-09,0.00041029
2008-10,0.00122329
2008-11,0.0013936
2008-12,0.0005402
2009-01,0.00288916
2009-02,0.00053764
2009-03,0.00057046
2009-04,0.00147925
2009-05,0.00198305
2009-06,0.00064072
2009-07,0.00089205
2009-08,0.00072677
2009-09,0.00036293
2009-10,0.00037701
2009-11,0.0007556
2009-12,0.00034706
2010-01,0.00094406
2010-02,0.00096987
2010-03,0.00062541
2010-04,0.00104448
2010-05,0.00037872
2010-06,0.00068848
2010-07,0.00403447
2010-08,0.00087831
2010-09,0.00102121
2010-10,0.00131515
2010-11,0.00055842
2010-12,0.00045334
2011-01,8.66e-05
2011-02,0.00055778
2011-03,8.029e-05
2011-04,8.884e-05
2011-05,0.00011545
2011-06,0.00019963
2011-07,0.00094857
2011-08,3.727e-05
2011-09,0.0001414
2011-10,3.389e-05
2011-11,0.00016273
2011-12,0.00031156
2012-01,0.00045298
2012-02,0.00010088
2012-03,2.449e-05
2012-04,4.799e-05
2012-05,6.103e-05
2012-06,0.00055215
2012-07,0.00038261
2012-08,8.878e-05
2012-09,8.329e-05
2012-10,6.96e-05
2012-11,4.657e-05
2012-12,4.669e-05
2013-01,0.00072705
2013-02,8.729e-05
2013-03,5.685e-05
2013-04,5.725e-05
2013-05,0.00057705
2013-06,0.00041235
2013-07,0.00073495
2013-08,0.00310292
2013-09,0.0023292
2013-10,0.00430731
2013-11,0.00071536
2013-12,0.00023932
2014-01,7.46e-05
2014-02,0.00249048
2014-03,3.665e-05
2014-04,0.00049452
2014-05,0.00011833
2014-06,0.00088307
2014-07,0.00160344
2014-08,0.00206861
2014-09,0.0005066
2014-10,0.00110387
2014-11,0.00075574
2014-12,0.00185161
2015-01,0.00035246
2015-02,0.00030547
2015-03,0.00240764
2015-04,0.00132712
2015-05,2.179e-05
2015-06,0.00025482
2015-07,0.00123421
2015-08,2.681e-05
2015-09,1.852e-05
2015-10,9.5e-05
2015-11,0.00123529
2015-12,0.00104185
2016-01,9.707e-05
2016-02,0.00013632
2016-03,0.00083099
2016-04,0.00061942
2016-05,0.00206715
2016-06,0.00074154
2016-07,0.00215793
2016-08,1.74e-06
2016-09,0.00165488
2016-10,0.0040664
2016-11,0.00590863
2016-12,0.00371553
2017-01,0.00398617
2017-02,0.00019864
2017-03,0.00407986
2017-04,0.00108828
2017-05,0.00149199
2017-06,0.00149064
2017-07,0.00234874
2017-08,0.00325061
2017-09,0.00086767
2017-10,0.00062649
2017-11,0.00039283
2017-12,0.00040684
2018-01,0.00019122
2018-02,0.00025193
2018-03,0.00049024
2018-04,0.00037933
2018-05,4.44e-05
2018-06,0.00078283
2018-07,0.00022337
2018-08,0.00074753
2018-09,0.00163126
2018-10,0.00037084
2018-11,0.00402849
2018-12,0.00077322
2019-01,9.577e-05
2019-02,0.00072056
2019-03,0.00029719
2019-04,0.00029154
2019-05,0.00046231
2019-06,0.00016431
2019-07,0.00038394
2019-08,0.00046963
2019-09,0.00107638
2019-10,0.00032751
2019-11,0.0004968
2019-12,0.00183465
2020-01,0.0
2020-02,7.697e-05
2020-03,0.00708637
2020-04,0.03855694
2020-05,0.01729528
2020-06,0.00039383
2020-07,0.01793865
2020-08,0.00024986
2020-09,0.01181007
2020-10,0.0012189
2020-11,0.0
2020-12,0.01184878
2021-01,0.00087839
2021-02,0.00022297
2021-03,0.00115533
2021-04,0.0
2021-05,0.0
2021-06,0.00715259
2021-07,0.00290888
2021-08,0.00049623
2021-09,0.00851553
2021-10,0.00390212
2021-11,0.00378404
2021-12,0.00611887
2022-01,0.0009105
2022-02,0.00146371
2022-03,0.00015781
2022-04,0.00452419
2022-05,0.00302529
2022-06,0.00258967
2022-07,0.00250334
2022-08,0.0
2022-09,0.00055647
2022-10,0.0
2022-11,0.00102022
2022-12,0.0032862
2023-01,0.00111979
2023-02,0.00082844
2023-03,0.00065957
2023-04,0.00048519
2023-05,0.00155054
2023-06,0.0002641
2023-07,0.00133546
2023-08,0.00155678
2023-09,0.00348823
2023-10,0.00044239
2023-11,0.00399226
2023-12,0.02037462
2024-01,0.00022436
2024-02,0.00095918
2024-03,0.00022846
2024-04,0.00049705
2024-05,0.00034292
2024-06,0.00150619
2024-07,0.0
2024-08,0.0
2024-09,0.0
2024-10,0.0003984
2024-11,0.00229451
2024-12,0.0
2025-01,0.0009926
2025-02,0.00201494
2025-03,0.00306143
2025-04,0.00114626
2025-05,0.00186552
2025-06,0.00100247
2025-07,0.00107011
2025-08,0.00028364
2025-09,0.00119983
2025-10,0.00129753
2025-11,0.0
2025-12,0.00513892
2026-01,0.00067738
2026-02,0.00172754
2026-03,0.00380529
2026-04,0.00456198
2026-05,0.0
2026-06,0.0
2026-07,0.00704612
2026-08,0.0
