periodo,MIA_nucleo,sub_Ejecutivo,sub_Legislativo,sub_Judicial,sub_Prensa,sub_Banco Central,ejes_cubiertos
2020-01,69.06612436562067,81.97737042814536,93.67298523698524,57.77809523809524,58.90489197530865,35.64642230576441,5
2020-02,66.93595773195584,75.99092599295093,93.60899300699299,57.69111111111111,59.76911728395062,32.75527678571428,5
2020-03,64.57513795429341,69.15696306317918,92.85541258741257,57.60412698412696,60.6333425925926,30.940931547619048,5
2020-04,61.91149294208097,61.97218479807197,91.77579953379954,57.51714285714284,61.497567901234575,28.24409226190476,5
2020-05,59.030522547261825,54.36810163183674,89.96741647241646,57.430158730158695,62.36179320987654,25.90872023809524,5
2020-06,56.01480446943188,46.363169106166744,88.01141724941725,57.343174603174575,63.22601851851852,23.673550595238098,5
2020-07,52.80262803485096,38.29828780992674,85.6113752913753,57.030476190476165,64.0902438271605,21.141565476190475,5
2020-08,49.72811132237161,30.373322957951014,84.07798445998445,56.758095238095216,64.95446913580247,18.038187500000003,5
2020-09,46.935685977686916,24.867693141758775,80.43746309246309,56.48571428571427,65.81869444444446,14.786255952380953,5
2020-10,45.10240468224197,21.816390916577713,77.24467132867132,56.48571428571427,66.68291975308642,12.059815476190474,5
2020-11,43.59933609154094,19.214199165704898,74.98413675213676,56.48571428571427,67.54714506172841,9.393562499999996,5
2020-12,42.53737225842933,17.02361866187139,72.87056177156177,56.48571428571427,68.41137037037038,8.648839285714287,5
2021-01,41.45690113014948,15.333754015373543,71.00094638694637,56.48571428571427,67.63015432098767,8.099464285714282,5
2021-02,40.49826429630166,13.910656040551434,68.90797746697747,56.48571428571427,66.84893827160495,8.126589285714289,5
2021-03,39.95147990853553,13.752853821778832,67.17348562548563,56.48571428571427,66.06772222222223,7.890836309523809,5
2021-04,39.78142423380536,14.270508463549739,65.76150116550117,56.48571428571427,65.28650617283951,8.385684523809518,5
2021-05,40.165324617976374,15.361246667690006,65.20780186480187,57.50809523809524,64.50529012345679,8.919851190476193,5
2021-06,41.374731148675615,19.10252602824716,64.63254700854702,58.53047619047616,63.724074074074075,9.685050595238092,5
2021-07,42.977213475492306,23.91516326138439,64.08100932400932,59.55285714285714,62.94285802469136,10.896416666666665,5
2021-08,44.56188077257762,28.577647311001396,63.455269619269615,60.49349206349205,62.16164197530865,12.497252976190477,5
2021-09,46.42856612464028,33.334492383083315,63.786433566433566,61.43412698412697,61.38042592592593,14.513616071428572,5
2021-10,47.98474283382572,37.726567249239366,63.448100233100234,62.3747619047619,60.59920987654321,16.082124999999998,5
2021-11,49.37338646476931,42.3017104225491,62.1813986013986,63.31539682539681,59.8179938271605,17.40543452380951,5
2021-12,50.425746516761166,46.29283801064729,61.42818414918415,64.25603174603172,59.036777777777786,16.970235119047615,5
2022-01,50.85275131640486,48.20238060554867,60.66438383838384,65.19666666666666,58.61671296296298,16.182133928571428,5
2022-02,51.28394130514793,50.178403457404706,59.764219891219895,66.13730158730155,58.19664814814816,15.470791666666667,5
2022-03,51.800026430619866,51.73460577536514,59.513257964257974,67.07793650793649,57.77658333333334,15.299455357142861,5
2022-04,52.26632315649012,53.08230757481203,59.32462937062935,68.01857142857143,57.35651851851853,15.13008630952381,5
2022-05,52.58955329361123,54.294710731497595,59.40606371406372,67.93682539682538,56.936453703703705,15.280627976190472,5
2022-06,52.541892626672556,54.91086923444818,59.05651592851593,67.85507936507938,56.51638888888889,14.72569642857143,5
2022-07,52.36704560598492,55.61301447346844,58.10097591297592,67.77333333333333,56.09632407407409,13.958872023809525,5
2022-08,52.26781133457964,56.58805649701336,57.13431468531469,67.77333333333333,55.67625925925926,13.056172619047619,5
2022-09,52.31200977953746,57.62505207088394,56.831837606837595,67.77333333333333,55.25619444444445,12.100205357142855,5
2022-10,52.66183397479889,59.09086163289052,57.246817404817406,67.77333333333333,54.836129629629646,11.367505952380954,5
2022-11,53.06878424142538,59.89462827788,58.679862470862474,67.77333333333333,54.41606481481481,10.982312499999997,5
2022-12,53.45843780445989,60.481897610169135,58.90956954156954,67.77333333333333,53.99600000000001,12.519252976190476,5
2023-01,53.26955157263007,59.04413179070593,59.01094327894329,67.77333333333333,53.689503086419755,14.306875,5
2023-02,53.11441894304284,57.5527677093578,59.462357420357414,67.77333333333333,53.38300617283951,15.95999702380952,5
2023-03,52.8822352812146,55.8984770663456,59.915491064491064,67.77333333333333,53.07650925925926,17.423005952380947,5
2023-04,52.62621152865342,54.20251205282881,60.31257420357421,67.77333333333333,52.77001234567902,18.885163690476187,5
2023-05,52.366290869091806,53.13033639549574,60.31066511266512,67.77333333333333,52.463515432098774,19.60575297619048,5
2023-06,52.37637249356749,52.45258209065915,61.3089121989122,67.77333333333333,52.15701851851853,20.00397321428571,5
2023-07,52.2423860621748,51.060013520340576,62.8000404040404,67.77333333333333,51.85052160493827,20.21419345238095,5
2023-08,52.15478288433413,49.39549467807173,64.30099689199689,67.77333333333333,51.544024691358025,21.264431547619044,5
2023-09,51.67689192820623,47.28021045966438,64.66086790986792,67.77333333333333,51.23752777777778,22.135729166666664,5
2023-10,51.16425500262167,45.24936530170213,64.92393084693084,67.77333333333333,50.931030864197524,22.735586309523807,5
2023-11,50.347382758415606,43.02168980932012,64.06437296037296,67.77333333333333,50.62453395061728,23.197696428571422,5
2023-12,49.82186761249261,41.02727046992671,64.80989044289045,67.77333333333333,50.318037037037044,22.995574404761896,5
2024-01,50.68781408786289,42.109150009271026,65.8480745920746,67.77333333333333,52.64983333333334,22.888749999999998,5
2024-02,51.47281742214123,43.025099805220826,66.65031934731935,67.77333333333333,54.98162962962964,22.888749999999998,5
2024-03,47.94033564701023,44.04273170073749,66.0691857031857,47.37940142917192,57.313425925925934,22.938565476190472,5
2024-04,48.2970294052473,44.80442444982461,65.49037529137529,46.62968714345763,59.64522222222223,23.232708333333328,5
2024-05,48.3825702540227,44.18650414572783,64.9437466977467,45.87997285774335,61.97701851851851,24.435482142857143,5
2024-06,48.274142776693765,43.414420839170845,63.12414374514375,45.13025857202907,64.30881481481482,26.350758928571434,5
2024-07,48.66143542083689,42.70927838902839,61.516783216783224,44.38054428631478,66.64061111111111,31.153964912280703,5
2024-08,48.98628531016664,42.112437074584335,59.662695415695424,43.63083000060048,68.97240740740742,35.65325328947368,5
2024-09,49.79295412823774,42.54032980049726,58.90576379176379,42.8811157148862,71.3042037037037,39.852324874686715,5
2024-10,50.64103009158455,43.20446200942209,58.207640248640246,42.13140142917191,73.636,43.776554354636595,5
2024-11,51.53179481945689,43.853371005158564,58.31046076146076,41.38168714345763,75.96779629629631,46.94789661654134,5
2024-12,51.86877417292707,43.675221339954696,56.68071095571096,40.63197285774335,78.2995925925926,50.39154746240602,5
2025-01,51.923641385772044,43.57089165816021,55.141920745920736,39.6910349486579,79.05534567901236,53.516539317042614,5
2025-02,52.05509694740101,43.67730749491312,53.64195881895881,38.75009703957245,79.81109876543209,56.67885808270676,5
2025-03,52.311888578424316,44.04013399051096,53.04700932400932,37.809159130487004,80.56685185185185,58.95724608395989,5
2025-04,52.870559323674925,44.6188977153421,53.049203574203574,37.61793550711584,81.32260493827161,61.02047634711779,5
2025-05,53.270267714274254,45.78460593582356,52.50104195804195,37.42671188374467,82.07835802469134,61.58387640977444,5
2025-06,53.82130401282521,46.6720224088368,53.16532944832944,37.23548826037351,82.83411111111113,62.09611387844611,5
2025-07,54.524473453694256,48.022565957880346,53.75210178710178,37.04426463700234,83.58986419753089,62.799671679198,5
2025-08,55.48709888739625,49.569304972018415,55.31311888111888,36.85304101363118,84.34561728395063,63.54155216165414,5
2025-09,55.79092600721882,49.73715322071959,55.66726262626263,36.66181739026001,85.10137037037039,64.25838988095236,5
2025-10,55.29518605635589,47.38680743057594,55.935426573426575,36.47059376688885,85.85712345679013,64.79580827067669,5
2025-11,54.73156440345193,45.03888462336912,55.87068686868687,36.27937014351769,86.61287654320988,65.3197075501253,5
2025-12,54.2456001860079,42.712133764781186,56.42036363636363,36.088146520146516,87.36862962962962,65.49975720551379,5
2026-01,53.85245437546309,40.911905865501815,56.9340808080808,36.088146520146516,87.37342592592594,65.78948840852131,5
2026-02,53.521421425980655,39.281375346759205,57.48819191919191,36.088146520146516,87.37822222222222,66.10005200501253,5
2026-03,52.777146162686336,37.24677445870231,56.54288369284654,36.088146520146516,87.38301851851853,66.46303336466165,5
2026-04,51.88540768148305,35.47301638100182,54.53016574412859,36.088146520146516,87.38781481481482,66.74445394736841,5
2026-05,51.03922883119826,33.441634665113455,53.232306994690894,36.088146520146516,87.39261111111111,66.8917070802005,5
2026-06,50.24227428324609,32.64261232111932,51.26472113610503,35.293289377289376,87.39740740740741,66.85518248746867,5
2026-07,49.50553581715635,31.779957153048183,49.70274340039045,34.49843223443223,87.4022037037037,66.80655325814536,5
2026-08,48.871247610051284,30.64405322963961,48.03511791476497,34.76840048840049,87.407,66.7085197368421,5
